﻿{"data":[{"Properties":{"domain":"RELIA.COM","name":"JIM@RELIA.COM","distinguishedname":"CN=JIM DA SILVA,CN=USERS,DC=RELIA,DC=COM","domainsid":"S-1-5-21-3972710054-930304531-4277621697","highvalue":false,"samaccountname":"jim","description":null,"whencreated":1665985394,"sensitive":false,"dontreqpreauth":false,"passwordnotreqd":false,"unconstraineddelegation":false,"pwdneverexpires":true,"enabled":true,"trustedtoauth":false,"lastlogon":1699812980,"lastlogontimestamp":1699809619,"pwdlastset":1666178822,"serviceprincipalnames":[],"hasspn":false,"displayname":"Jim da Silva","email":null,"title":null,"homedirectory":null,"userpassword":null,"unixpassword":null,"unicodepassword":null,"sfupassword":null,"logonscript":null,"admincount":false,"sidhistory":[]},"AllowedToDelegate":[],"PrimaryGroupSID":"S-1-5-21-3972710054-930304531-4277621697-513","HasSIDHistory":[],"SPNTargets":[],"Aces":[{"PrincipalSID":"S-1-5-21-3972710054-930304531-4277621697-512","PrincipalType":"Group","RightName":"Owns","IsInherited":false},{"PrincipalSID":"RELIA.COM-S-1-5-32-548","PrincipalType":"Group","RightName":"GenericAll","IsInherited":false},{"PrincipalSID":"S-1-5-21-3972710054-930304531-4277621697-512","PrincipalType":"Group","RightName":"GenericAll","IsInherited":false},{"PrincipalSID":"S-1-5-21-3972710054-930304531-4277621697-526","PrincipalType":"Group","RightName":"AddKeyCredentialLink","IsInherited":true},{"PrincipalSID":"S-1-5-21-3972710054-930304531-4277621697-527","PrincipalType":"Group","RightName":"AddKeyCredentialLink","IsInherited":true},{"PrincipalSID":"S-1-5-21-3972710054-930304531-4277621697-519","PrincipalType":"Group","RightName":"GenericAll","IsInherited":true},{"PrincipalSID":"RELIA.COM-S-1-5-32-544","PrincipalType":"Group","RightName":"WriteDacl","IsInherited":true},{"PrincipalSID":"RELIA.COM-S-1-5-32-544","PrincipalType":"Group","RightName":"WriteOwner","IsInherited":true},{"PrincipalSID":"RELIA.COM-S-1-5-32-544","PrincipalType":"Group","RightName":"AllExtendedRights","IsInherited":true},{"PrincipalSID":"RELIA.COM-S-1-5-32-544","PrincipalType":"Group","RightName":"GenericWrite","IsInherited":true}],"ObjectIdentifier":"S-1-5-21-3972710054-930304531-4277621697-1104","IsDeleted":false,"IsACLProtected":false},{"Properties":{"domain":"RELIA.COM","name":"IIS_SERVICE@RELIA.COM","distinguishedname":"CN=IIS SERVICE,CN=USERS,DC=RELIA,DC=COM","domainsid":"S-1-5-21-3972710054-930304531-4277621697","highvalue":false,"samaccountname":"iis_service","description":null,"whencreated":1665985608,"sensitive":false,"dontreqpreauth":false,"passwordnotreqd":false,"unconstraineddelegation":false,"pwdneverexpires":true,"enabled":true,"trustedtoauth":false,"lastlogon":0,"lastlogontimestamp":-1,"pwdlastset":1666010808,"serviceprincipalnames":["http/webby.relia.com"],"hasspn":true,"displayname":"iis service","email":null,"title":null,"homedirectory":null,"userpassword":null,"unixpassword":null,"unicodepassword":null,"sfupassword":null,"logonscript":null,"admincount":false,"sidhistory":[]},"AllowedToDelegate":[],"PrimaryGroupSID":"S-1-5-21-3972710054-930304531-4277621697-513","HasSIDHistory":[],"SPNTargets":[],"Aces":[{"PrincipalSID":"S-1-5-21-3972710054-930304531-4277621697-512","PrincipalType":"Group","RightName":"Owns","IsInherited":false},{"PrincipalSID":"RELIA.COM-S-1-5-32-548","PrincipalType":"Group","RightName":"GenericAll","IsInherited":false},{"PrincipalSID":"S-1-5-21-3972710054-930304531-4277621697-512","PrincipalType":"Group","RightName":"GenericAll","IsInherited":false},{"PrincipalSID":"S-1-5-21-3972710054-930304531-4277621697-526","PrincipalType":"Group","RightName":"AddKeyCredentialLink","IsInherited":true},{"PrincipalSID":"S-1-5-21-3972710054-930304531-4277621697-527","PrincipalType":"Group","RightName":"AddKeyCredentialLink","IsInherited":true},{"PrincipalSID":"S-1-5-21-3972710054-930304531-4277621697-519","PrincipalType":"Group","RightName":"GenericAll","IsInherited":true},{"PrincipalSID":"RELIA.COM-S-1-5-32-544","PrincipalType":"Group","RightName":"WriteDacl","IsInherited":true},{"PrincipalSID":"RELIA.COM-S-1-5-32-544","PrincipalType":"Group","RightName":"WriteOwner","IsInherited":true},{"PrincipalSID":"RELIA.COM-S-1-5-32-544","PrincipalType":"Group","RightName":"AllExtendedRights","IsInherited":true},{"PrincipalSID":"RELIA.COM-S-1-5-32-544","PrincipalType":"Group","RightName":"GenericWrite","IsInherited":true}],"ObjectIdentifier":"S-1-5-21-3972710054-930304531-4277621697-1108","IsDeleted":false,"IsACLProtected":false},{"Properties":{"domain":"RELIA.COM","name":"INTERNALADMIN@RELIA.COM","distinguishedname":"CN=INTERNALADMIN,CN=USERS,DC=RELIA,DC=COM","domainsid":"S-1-5-21-3972710054-930304531-4277621697","highvalue":false,"samaccountname":"internaladmin","description":null,"whencreated":1665985680,"sensitive":false,"dontreqpreauth":false,"passwordnotreqd":false,"unconstraineddelegation":false,"pwdneverexpires":true,"enabled":true,"trustedtoauth":false,"lastlogon":1677595635,"lastlogontimestamp":1677593665,"pwdlastset":1666010880,"serviceprincipalnames":[],"hasspn":false,"displayname":"internaladmin","email":null,"title":null,"homedirectory":null,"userpassword":null,"unixpassword":null,"unicodepassword":null,"sfupassword":null,"logonscript":null,"admincount":true,"sidhistory":[]},"AllowedToDelegate":[],"PrimaryGroupSID":"S-1-5-21-3972710054-930304531-4277621697-513","HasSIDHistory":[],"SPNTargets":[],"Aces":[{"PrincipalSID":"S-1-5-21-3972710054-930304531-4277621697-512","PrincipalType":"Group","RightName":"Owns","IsInherited":false},{"PrincipalSID":"RELIA.COM-S-1-5-32-544","PrincipalType":"Group","RightName":"WriteDacl","IsInherited":false},{"PrincipalSID":"RELIA.COM-S-1-5-32-544","PrincipalType":"Group","RightName":"WriteOwner","IsInherited":false},{"PrincipalSID":"RELIA.COM-S-1-5-32-544","PrincipalType":"Group","RightName":"AllExtendedRights","IsInherited":false},{"PrincipalSID":"RELIA.COM-S-1-5-32-544","PrincipalType":"Group","RightName":"GenericWrite","IsInherited":false},{"PrincipalSID":"S-1-5-21-3972710054-930304531-4277621697-512","PrincipalType":"Group","RightName":"WriteDacl","IsInherited":false},{"PrincipalSID":"S-1-5-21-3972710054-930304531-4277621697-512","PrincipalType":"Group","RightName":"WriteOwner","IsInherited":false},{"PrincipalSID":"S-1-5-21-3972710054-930304531-4277621697-512","PrincipalType":"Group","RightName":"AllExtendedRights","IsInherited":false},{"PrincipalSID":"S-1-5-21-3972710054-930304531-4277621697-512","PrincipalType":"Group","RightName":"GenericWrite","IsInherited":false},{"PrincipalSID":"S-1-5-21-3972710054-930304531-4277621697-519","PrincipalType":"Group","RightName":"WriteDacl","IsInherited":false},{"PrincipalSID":"S-1-5-21-3972710054-930304531-4277621697-519","PrincipalType":"Group","RightName":"WriteOwner","IsInherited":false},{"PrincipalSID":"S-1-5-21-3972710054-930304531-4277621697-519","PrincipalType":"Group","RightName":"AllExtendedRights","IsInherited":false},{"PrincipalSID":"S-1-5-21-3972710054-930304531-4277621697-519","PrincipalType":"Group","RightName":"GenericWrite","IsInherited":false}],"ObjectIdentifier":"S-1-5-21-3972710054-930304531-4277621697-1109","IsDeleted":false,"IsACLProtected":true},{"Properties":{"domain":"RELIA.COM","name":"LARRY@RELIA.COM","distinguishedname":"CN=LARRY JOHNSON,CN=USERS,DC=RELIA,DC=COM","domainsid":"S-1-5-21-3972710054-930304531-4277621697","highvalue":false,"samaccountname":"larry","description":null,"whencreated":1665985706,"sensitive":false,"dontreqpreauth":false,"passwordnotreqd":false,"unconstraineddelegation":false,"pwdneverexpires":true,"enabled":true,"trustedtoauth":false,"lastlogon":0,"lastlogontimestamp":-1,"pwdlastset":1666010906,"serviceprincipalnames":[],"hasspn":false,"displayname":"Larry Johnson","email":null,"title":null,"homedirectory":null,"userpassword":null,"unixpassword":null,"unicodepassword":null,"sfupassword":null,"logonscript":null,"admincount":false,"sidhistory":[]},"AllowedToDelegate":[],"PrimaryGroupSID":"S-1-5-21-3972710054-930304531-4277621697-513","HasSIDHistory":[],"SPNTargets":[],"Aces":[{"PrincipalSID":"S-1-5-21-3972710054-930304531-4277621697-512","PrincipalType":"Group","RightName":"Owns","IsInherited":false},{"PrincipalSID":"RELIA.COM-S-1-5-32-548","PrincipalType":"Group","RightName":"GenericAll","IsInherited":false},{"PrincipalSID":"S-1-5-21-3972710054-930304531-4277621697-512","PrincipalType":"Group","RightName":"GenericAll","IsInherited":false},{"PrincipalSID":"S-1-5-21-3972710054-930304531-4277621697-526","PrincipalType":"Group","RightName":"AddKeyCredentialLink","IsInherited":true},{"PrincipalSID":"S-1-5-21-3972710054-930304531-4277621697-527","PrincipalType":"Group","RightName":"AddKeyCredentialLink","IsInherited":true},{"PrincipalSID":"S-1-5-21-3972710054-930304531-4277621697-519","PrincipalType":"Group","RightName":"GenericAll","IsInherited":true},{"PrincipalSID":"RELIA.COM-S-1-5-32-544","PrincipalType":"Group","RightName":"WriteDacl","IsInherited":true},{"PrincipalSID":"RELIA.COM-S-1-5-32-544","PrincipalType":"Group","RightName":"WriteOwner","IsInherited":true},{"PrincipalSID":"RELIA.COM-S-1-5-32-544","PrincipalType":"Group","RightName":"AllExtendedRights","IsInherited":true},{"PrincipalSID":"RELIA.COM-S-1-5-32-544","PrincipalType":"Group","RightName":"GenericWrite","IsInherited":true}],"ObjectIdentifier":"S-1-5-21-3972710054-930304531-4277621697-1110","IsDeleted":false,"IsACLProtected":false},{"Properties":{"domain":"RELIA.COM","name":"JENNY@RELIA.COM","distinguishedname":"CN=JENNY WILSON,CN=USERS,DC=RELIA,DC=COM","domainsid":"S-1-5-21-3972710054-930304531-4277621697","highvalue":false,"samaccountname":"jenny","description":null,"whencreated":1665985756,"sensitive":false,"dontreqpreauth":false,"passwordnotreqd":false,"unconstraineddelegation":false,"pwdneverexpires":true,"enabled":true,"trustedtoauth":false,"lastlogon":0,"lastlogontimestamp":-1,"pwdlastset":1666010956,"serviceprincipalnames":[],"hasspn":false,"displayname":"Jenny Wilson","email":null,"title":null,"homedirectory":null,"userpassword":null,"unixpassword":null,"unicodepassword":null,"sfupassword":null,"logonscript":null,"admincount":true,"sidhistory":[]},"AllowedToDelegate":[],"PrimaryGroupSID":"S-1-5-21-3972710054-930304531-4277621697-513","HasSIDHistory":[],"SPNTargets":[],"Aces":[{"PrincipalSID":"S-1-5-21-3972710054-930304531-4277621697-512","PrincipalType":"Group","RightName":"Owns","IsInherited":false},{"PrincipalSID":"RELIA.COM-S-1-5-32-544","PrincipalType":"Group","RightName":"WriteDacl","IsInherited":false},{"PrincipalSID":"RELIA.COM-S-1-5-32-544","PrincipalType":"Group","RightName":"WriteOwner","IsInherited":false},{"PrincipalSID":"RELIA.COM-S-1-5-32-544","PrincipalType":"Group","RightName":"AllExtendedRights","IsInherited":false},{"PrincipalSID":"RELIA.COM-S-1-5-32-544","PrincipalType":"Group","RightName":"GenericWrite","IsInherited":false},{"PrincipalSID":"S-1-5-21-3972710054-930304531-4277621697-512","PrincipalType":"Group","RightName":"WriteDacl","IsInherited":false},{"PrincipalSID":"S-1-5-21-3972710054-930304531-4277621697-512","PrincipalType":"Group","RightName":"WriteOwner","IsInherited":false},{"PrincipalSID":"S-1-5-21-3972710054-930304531-4277621697-512","PrincipalType":"Group","RightName":"AllExtendedRights","IsInherited":false},{"PrincipalSID":"S-1-5-21-3972710054-930304531-4277621697-512","PrincipalType":"Group","RightName":"GenericWrite","IsInherited":false},{"PrincipalSID":"S-1-5-21-3972710054-930304531-4277621697-519","PrincipalType":"Group","RightName":"WriteDacl","IsInherited":false},{"PrincipalSID":"S-1-5-21-3972710054-930304531-4277621697-519","PrincipalType":"Group","RightName":"WriteOwner","IsInherited":false},{"PrincipalSID":"S-1-5-21-3972710054-930304531-4277621697-519","PrincipalType":"Group","RightName":"AllExtendedRights","IsInherited":false},{"PrincipalSID":"S-1-5-21-3972710054-930304531-4277621697-519","PrincipalType":"Group","RightName":"GenericWrite","IsInherited":false}],"ObjectIdentifier":"S-1-5-21-3972710054-930304531-4277621697-1111","IsDeleted":false,"IsACLProtected":true},{"Properties":{"domain":"RELIA.COM","name":"BRAD@RELIA.COM","distinguishedname":"CN=BRAD JACKSON,CN=USERS,DC=RELIA,DC=COM","domainsid":"S-1-5-21-3972710054-930304531-4277621697","highvalue":false,"samaccountname":"brad","description":null,"whencreated":1665986040,"sensitive":false,"dontreqpreauth":false,"passwordnotreqd":false,"unconstraineddelegation":false,"pwdneverexpires":true,"enabled":true,"trustedtoauth":false,"lastlogon":0,"lastlogontimestamp":-1,"pwdlastset":1666011240,"serviceprincipalnames":[],"hasspn":false,"displayname":"Brad Jackson","email":null,"title":null,"homedirectory":null,"userpassword":null,"unixpassword":null,"unicodepassword":null,"sfupassword":null,"logonscript":null,"admincount":false,"sidhistory":[]},"AllowedToDelegate":[],"PrimaryGroupSID":"S-1-5-21-3972710054-930304531-4277621697-513","HasSIDHistory":[],"SPNTargets":[],"Aces":[{"PrincipalSID":"S-1-5-21-3972710054-930304531-4277621697-512","PrincipalType":"Group","RightName":"Owns","IsInherited":false},{"PrincipalSID":"RELIA.COM-S-1-5-32-548","PrincipalType":"Group","RightName":"GenericAll","IsInherited":false},{"PrincipalSID":"S-1-5-21-3972710054-930304531-4277621697-512","PrincipalType":"Group","RightName":"GenericAll","IsInherited":false},{"PrincipalSID":"S-1-5-21-3972710054-930304531-4277621697-526","PrincipalType":"Group","RightName":"AddKeyCredentialLink","IsInherited":true},{"PrincipalSID":"S-1-5-21-3972710054-930304531-4277621697-527","PrincipalType":"Group","RightName":"AddKeyCredentialLink","IsInherited":true},{"PrincipalSID":"S-1-5-21-3972710054-930304531-4277621697-519","PrincipalType":"Group","RightName":"GenericAll","IsInherited":true},{"PrincipalSID":"RELIA.COM-S-1-5-32-544","PrincipalType":"Group","RightName":"WriteDacl","IsInherited":true},{"PrincipalSID":"RELIA.COM-S-1-5-32-544","PrincipalType":"Group","RightName":"WriteOwner","IsInherited":true},{"PrincipalSID":"RELIA.COM-S-1-5-32-544","PrincipalType":"Group","RightName":"AllExtendedRights","IsInherited":true},{"PrincipalSID":"RELIA.COM-S-1-5-32-544","PrincipalType":"Group","RightName":"GenericWrite","IsInherited":true}],"ObjectIdentifier":"S-1-5-21-3972710054-930304531-4277621697-1113","IsDeleted":false,"IsACLProtected":false},{"Properties":{"domain":"RELIA.COM","name":"ANNA@RELIA.COM","distinguishedname":"CN=ANNA SANTANA,CN=USERS,DC=RELIA,DC=COM","domainsid":"S-1-5-21-3972710054-930304531-4277621697","highvalue":false,"samaccountname":"anna","description":null,"whencreated":1665986068,"sensitive":false,"dontreqpreauth":false,"passwordnotreqd":false,"unconstraineddelegation":false,"pwdneverexpires":true,"enabled":true,"trustedtoauth":false,"lastlogon":1666271467,"lastlogontimestamp":1666271467,"pwdlastset":1666011268,"serviceprincipalnames":[],"hasspn":false,"displayname":"Anna Santana","email":null,"title":null,"homedirectory":null,"userpassword":null,"unixpassword":null,"unicodepassword":null,"sfupassword":null,"logonscript":null,"admincount":false,"sidhistory":[]},"AllowedToDelegate":[],"PrimaryGroupSID":"S-1-5-21-3972710054-930304531-4277621697-513","HasSIDHistory":[],"SPNTargets":[],"Aces":[{"PrincipalSID":"S-1-5-21-3972710054-930304531-4277621697-512","PrincipalType":"Group","RightName":"Owns","IsInherited":false},{"PrincipalSID":"RELIA.COM-S-1-5-32-548","PrincipalType":"Group","RightName":"GenericAll","IsInherited":false},{"PrincipalSID":"S-1-5-21-3972710054-930304531-4277621697-512","PrincipalType":"Group","RightName":"GenericAll","IsInherited":false},{"PrincipalSID":"S-1-5-21-3972710054-930304531-4277621697-526","PrincipalType":"Group","RightName":"AddKeyCredentialLink","IsInherited":true},{"PrincipalSID":"S-1-5-21-3972710054-930304531-4277621697-527","PrincipalType":"Group","RightName":"AddKeyCredentialLink","IsInherited":true},{"PrincipalSID":"S-1-5-21-3972710054-930304531-4277621697-519","PrincipalType":"Group","RightName":"GenericAll","IsInherited":true},{"PrincipalSID":"RELIA.COM-S-1-5-32-544","PrincipalType":"Group","RightName":"WriteDacl","IsInherited":true},{"PrincipalSID":"RELIA.COM-S-1-5-32-544","PrincipalType":"Group","RightName":"WriteOwner","IsInherited":true},{"PrincipalSID":"RELIA.COM-S-1-5-32-544","PrincipalType":"Group","RightName":"AllExtendedRights","IsInherited":true},{"PrincipalSID":"RELIA.COM-S-1-5-32-544","PrincipalType":"Group","RightName":"GenericWrite","IsInherited":true}],"ObjectIdentifier":"S-1-5-21-3972710054-930304531-4277621697-1114","IsDeleted":false,"IsACLProtected":false},{"Properties":{"domain":"RELIA.COM","name":"DAN@RELIA.COM","distinguishedname":"CN=DAN WHITLOCK,CN=USERS,DC=RELIA,DC=COM","domainsid":"S-1-5-21-3972710054-930304531-4277621697","highvalue":false,"samaccountname":"dan","description":null,"whencreated":1666070544,"sensitive":false,"dontreqpreauth":false,"passwordnotreqd":false,"unconstraineddelegation":false,"pwdneverexpires":true,"enabled":true,"trustedtoauth":false,"lastlogon":0,"lastlogontimestamp":-1,"pwdlastset":1666095745,"serviceprincipalnames":[],"hasspn":false,"displayname":"Dan Whitlock","email":null,"title":null,"homedirectory":null,"userpassword":null,"unixpassword":null,"unicodepassword":null,"sfupassword":null,"logonscript":null,"admincount":true,"sidhistory":[]},"AllowedToDelegate":[],"PrimaryGroupSID":"S-1-5-21-3972710054-930304531-4277621697-513","HasSIDHistory":[],"SPNTargets":[],"Aces":[{"PrincipalSID":"S-1-5-21-3972710054-930304531-4277621697-512","PrincipalType":"Group","RightName":"Owns","IsInherited":false},{"PrincipalSID":"RELIA.COM-S-1-5-32-544","PrincipalType":"Group","RightName":"WriteDacl","IsInherited":false},{"PrincipalSID":"RELIA.COM-S-1-5-32-544","PrincipalType":"Group","RightName":"WriteOwner","IsInherited":false},{"PrincipalSID":"RELIA.COM-S-1-5-32-544","PrincipalType":"Group","RightName":"AllExtendedRights","IsInherited":false},{"PrincipalSID":"RELIA.COM-S-1-5-32-544","PrincipalType":"Group","RightName":"GenericWrite","IsInherited":false},{"PrincipalSID":"S-1-5-21-3972710054-930304531-4277621697-512","PrincipalType":"Group","RightName":"WriteDacl","IsInherited":false},{"PrincipalSID":"S-1-5-21-3972710054-930304531-4277621697-512","PrincipalType":"Group","RightName":"WriteOwner","IsInherited":false},{"PrincipalSID":"S-1-5-21-3972710054-930304531-4277621697-512","PrincipalType":"Group","RightName":"AllExtendedRights","IsInherited":false},{"PrincipalSID":"S-1-5-21-3972710054-930304531-4277621697-512","PrincipalType":"Group","RightName":"GenericWrite","IsInherited":false},{"PrincipalSID":"S-1-5-21-3972710054-930304531-4277621697-519","PrincipalType":"Group","RightName":"WriteDacl","IsInherited":false},{"PrincipalSID":"S-1-5-21-3972710054-930304531-4277621697-519","PrincipalType":"Group","RightName":"WriteOwner","IsInherited":false},{"PrincipalSID":"S-1-5-21-3972710054-930304531-4277621697-519","PrincipalType":"Group","RightName":"AllExtendedRights","IsInherited":false},{"PrincipalSID":"S-1-5-21-3972710054-930304531-4277621697-519","PrincipalType":"Group","RightName":"GenericWrite","IsInherited":false}],"ObjectIdentifier":"S-1-5-21-3972710054-930304531-4277621697-1123","IsDeleted":false,"IsACLProtected":true},{"Properties":{"domain":"RELIA.COM","name":"MILANA@RELIA.COM","distinguishedname":"CN=MILANA BIANCHI,CN=USERS,DC=RELIA,DC=COM","domainsid":"S-1-5-21-3972710054-930304531-4277621697","highvalue":false,"samaccountname":"milana","description":null,"whencreated":1666070731,"sensitive":false,"dontreqpreauth":false,"passwordnotreqd":false,"unconstraineddelegation":false,"pwdneverexpires":true,"enabled":true,"trustedtoauth":false,"lastlogon":1699812959,"lastlogontimestamp":1699809655,"pwdlastset":1666095931,"serviceprincipalnames":[],"hasspn":false,"displayname":"Milana Bianchi","email":null,"title":null,"homedirectory":null,"userpassword":null,"unixpassword":null,"unicodepassword":null,"sfupassword":null,"logonscript":null,"admincount":false,"sidhistory":[]},"AllowedToDelegate":[],"PrimaryGroupSID":"S-1-5-21-3972710054-930304531-4277621697-513","HasSIDHistory":[],"SPNTargets":[],"Aces":[{"PrincipalSID":"S-1-5-21-3972710054-930304531-4277621697-512","PrincipalType":"Group","RightName":"Owns","IsInherited":false},{"PrincipalSID":"RELIA.COM-S-1-5-32-548","PrincipalType":"Group","RightName":"GenericAll","IsInherited":false},{"PrincipalSID":"S-1-5-21-3972710054-930304531-4277621697-512","PrincipalType":"Group","RightName":"GenericAll","IsInherited":false},{"PrincipalSID":"S-1-5-21-3972710054-930304531-4277621697-526","PrincipalType":"Group","RightName":"AddKeyCredentialLink","IsInherited":true},{"PrincipalSID":"S-1-5-21-3972710054-930304531-4277621697-527","PrincipalType":"Group","RightName":"AddKeyCredentialLink","IsInherited":true},{"PrincipalSID":"S-1-5-21-3972710054-930304531-4277621697-519","PrincipalType":"Group","RightName":"GenericAll","IsInherited":true},{"PrincipalSID":"RELIA.COM-S-1-5-32-544","PrincipalType":"Group","RightName":"WriteDacl","IsInherited":true},{"PrincipalSID":"RELIA.COM-S-1-5-32-544","PrincipalType":"Group","RightName":"WriteOwner","IsInherited":true},{"PrincipalSID":"RELIA.COM-S-1-5-32-544","PrincipalType":"Group","RightName":"AllExtendedRights","IsInherited":true},{"PrincipalSID":"RELIA.COM-S-1-5-32-544","PrincipalType":"Group","RightName":"GenericWrite","IsInherited":true}],"ObjectIdentifier":"S-1-5-21-3972710054-930304531-4277621697-1124","IsDeleted":false,"IsACLProtected":false},{"Properties":{"domain":"RELIA.COM","name":"GUEST@RELIA.COM","distinguishedname":"CN=GUEST,CN=USERS,DC=RELIA,DC=COM","domainsid":"S-1-5-21-3972710054-930304531-4277621697","highvalue":false,"samaccountname":"Guest","description":"Built-in account for guest access to the computer/domain","whencreated":1665984137,"sensitive":false,"dontreqpreauth":false,"passwordnotreqd":true,"unconstraineddelegation":false,"pwdneverexpires":true,"enabled":false,"trustedtoauth":false,"lastlogon":0,"lastlogontimestamp":-1,"pwdlastset":0,"serviceprincipalnames":[],"hasspn":false,"displayname":null,"email":null,"title":null,"homedirectory":null,"userpassword":null,"unixpassword":null,"unicodepassword":null,"sfupassword":null,"logonscript":null,"admincount":false,"sidhistory":[]},"AllowedToDelegate":[],"PrimaryGroupSID":"S-1-5-21-3972710054-930304531-4277621697-514","HasSIDHistory":[],"SPNTargets":[],"Aces":[{"PrincipalSID":"RELIA.COM-S-1-5-32-544","PrincipalType":"Group","RightName":"Owns","IsInherited":false},{"PrincipalSID":"RELIA.COM-S-1-5-32-548","PrincipalType":"Group","RightName":"GenericAll","IsInherited":false},{"PrincipalSID":"S-1-5-21-3972710054-930304531-4277621697-512","PrincipalType":"Group","RightName":"GenericAll","IsInherited":false},{"PrincipalSID":"S-1-5-21-3972710054-930304531-4277621697-526","PrincipalType":"Group","RightName":"AddKeyCredentialLink","IsInherited":true},{"PrincipalSID":"S-1-5-21-3972710054-930304531-4277621697-527","PrincipalType":"Group","RightName":"AddKeyCredentialLink","IsInherited":true},{"PrincipalSID":"S-1-5-21-3972710054-930304531-4277621697-519","PrincipalType":"Group","RightName":"GenericAll","IsInherited":true},{"PrincipalSID":"RELIA.COM-S-1-5-32-544","PrincipalType":"Group","RightName":"WriteDacl","IsInherited":true},{"PrincipalSID":"RELIA.COM-S-1-5-32-544","PrincipalType":"Group","RightName":"WriteOwner","IsInherited":true},{"PrincipalSID":"RELIA.COM-S-1-5-32-544","PrincipalType":"Group","RightName":"AllExtendedRights","IsInherited":true},{"PrincipalSID":"RELIA.COM-S-1-5-32-544","PrincipalType":"Group","RightName":"GenericWrite","IsInherited":true}],"ObjectIdentifier":"S-1-5-21-3972710054-930304531-4277621697-501","IsDeleted":false,"IsACLProtected":false},{"Properties":{"domain":"RELIA.COM","name":"KRBTGT@RELIA.COM","distinguishedname":"CN=KRBTGT,CN=USERS,DC=RELIA,DC=COM","domainsid":"S-1-5-21-3972710054-930304531-4277621697","highvalue":false,"samaccountname":"krbtgt","description":"Key Distribution Center Service Account","whencreated":1665984271,"sensitive":false,"dontreqpreauth":false,"passwordnotreqd":false,"unconstraineddelegation":false,"pwdneverexpires":false,"enabled":false,"trustedtoauth":false,"lastlogon":0,"lastlogontimestamp":-1,"pwdlastset":1666009471,"serviceprincipalnames":["kadmin/changepw"],"hasspn":true,"displayname":null,"email":null,"title":null,"homedirectory":null,"userpassword":null,"unixpassword":null,"unicodepassword":null,"sfupassword":null,"logonscript":null,"admincount":true,"sidhistory":[]},"AllowedToDelegate":[],"PrimaryGroupSID":"S-1-5-21-3972710054-930304531-4277621697-513","HasSIDHistory":[],"SPNTargets":[],"Aces":[{"PrincipalSID":"S-1-5-21-3972710054-930304531-4277621697-512","PrincipalType":"Group","RightName":"Owns","IsInherited":false},{"PrincipalSID":"RELIA.COM-S-1-5-32-544","PrincipalType":"Group","RightName":"WriteDacl","IsInherited":false},{"PrincipalSID":"RELIA.COM-S-1-5-32-544","PrincipalType":"Group","RightName":"WriteOwner","IsInherited":false},{"PrincipalSID":"RELIA.COM-S-1-5-32-544","PrincipalType":"Group","RightName":"AllExtendedRights","IsInherited":false},{"PrincipalSID":"RELIA.COM-S-1-5-32-544","PrincipalType":"Group","RightName":"GenericWrite","IsInherited":false},{"PrincipalSID":"S-1-5-21-3972710054-930304531-4277621697-512","PrincipalType":"Group","RightName":"WriteDacl","IsInherited":false},{"PrincipalSID":"S-1-5-21-3972710054-930304531-4277621697-512","PrincipalType":"Group","RightName":"WriteOwner","IsInherited":false},{"PrincipalSID":"S-1-5-21-3972710054-930304531-4277621697-512","PrincipalType":"Group","RightName":"AllExtendedRights","IsInherited":false},{"PrincipalSID":"S-1-5-21-3972710054-930304531-4277621697-512","PrincipalType":"Group","RightName":"GenericWrite","IsInherited":false},{"PrincipalSID":"S-1-5-21-3972710054-930304531-4277621697-519","PrincipalType":"Group","RightName":"WriteDacl","IsInherited":false},{"PrincipalSID":"S-1-5-21-3972710054-930304531-4277621697-519","PrincipalType":"Group","RightName":"WriteOwner","IsInherited":false},{"PrincipalSID":"S-1-5-21-3972710054-930304531-4277621697-519","PrincipalType":"Group","RightName":"AllExtendedRights","IsInherited":false},{"PrincipalSID":"S-1-5-21-3972710054-930304531-4277621697-519","PrincipalType":"Group","RightName":"GenericWrite","IsInherited":false}],"ObjectIdentifier":"S-1-5-21-3972710054-930304531-4277621697-502","IsDeleted":false,"IsACLProtected":true},{"Properties":{"domain":"RELIA.COM","name":"MAILDMZ@RELIA.COM","distinguishedname":"CN=MAIL TEST,CN=USERS,DC=RELIA,DC=COM","domainsid":"S-1-5-21-3972710054-930304531-4277621697","highvalue":false,"samaccountname":"maildmz","description":null,"whencreated":1665984910,"sensitive":false,"dontreqpreauth":false,"passwordnotreqd":false,"unconstraineddelegation":false,"pwdneverexpires":true,"enabled":true,"trustedtoauth":false,"lastlogon":1699810082,"lastlogontimestamp":1699810082,"pwdlastset":1666010110,"serviceprincipalnames":[],"hasspn":false,"displayname":"mail test","email":null,"title":null,"homedirectory":null,"userpassword":null,"unixpassword":null,"unicodepassword":null,"sfupassword":null,"logonscript":null,"admincount":false,"sidhistory":[]},"AllowedToDelegate":[],"PrimaryGroupSID":"S-1-5-21-3972710054-930304531-4277621697-513","HasSIDHistory":[],"SPNTargets":[],"Aces":[{"PrincipalSID":"S-1-5-21-3972710054-930304531-4277621697-512","PrincipalType":"Group","RightName":"Owns","IsInherited":false},{"PrincipalSID":"RELIA.COM-S-1-5-32-548","PrincipalType":"Group","RightName":"GenericAll","IsInherited":false},{"PrincipalSID":"S-1-5-21-3972710054-930304531-4277621697-512","PrincipalType":"Group","RightName":"GenericAll","IsInherited":false},{"PrincipalSID":"S-1-5-21-3972710054-930304531-4277621697-526","PrincipalType":"Group","RightName":"AddKeyCredentialLink","IsInherited":true},{"PrincipalSID":"S-1-5-21-3972710054-930304531-4277621697-527","PrincipalType":"Group","RightName":"AddKeyCredentialLink","IsInherited":true},{"PrincipalSID":"S-1-5-21-3972710054-930304531-4277621697-519","PrincipalType":"Group","RightName":"GenericAll","IsInherited":true},{"PrincipalSID":"RELIA.COM-S-1-5-32-544","PrincipalType":"Group","RightName":"WriteDacl","IsInherited":true},{"PrincipalSID":"RELIA.COM-S-1-5-32-544","PrincipalType":"Group","RightName":"WriteOwner","IsInherited":true},{"PrincipalSID":"RELIA.COM-S-1-5-32-544","PrincipalType":"Group","RightName":"AllExtendedRights","IsInherited":true},{"PrincipalSID":"RELIA.COM-S-1-5-32-544","PrincipalType":"Group","RightName":"GenericWrite","IsInherited":true}],"ObjectIdentifier":"S-1-5-21-3972710054-930304531-4277621697-1103","IsDeleted":false,"IsACLProtected":false},{"Properties":{"domain":"RELIA.COM","name":"ADMINISTRATOR@RELIA.COM","distinguishedname":"CN=ADMINISTRATOR,CN=USERS,DC=RELIA,DC=COM","domainsid":"S-1-5-21-3972710054-930304531-4277621697","highvalue":false,"samaccountname":"Administrator","description":"Built-in account for administering the computer/domain","whencreated":1665984137,"sensitive":false,"dontreqpreauth":false,"passwordnotreqd":false,"unconstraineddelegation":false,"pwdneverexpires":true,"enabled":true,"trustedtoauth":false,"lastlogon":1699809583,"lastlogontimestamp":1699809576,"pwdlastset":1666943120,"serviceprincipalnames":[],"hasspn":false,"displayname":null,"email":null,"title":null,"homedirectory":null,"userpassword":null,"unixpassword":null,"unicodepassword":null,"sfupassword":null,"logonscript":null,"admincount":true,"sidhistory":[]},"AllowedToDelegate":[],"PrimaryGroupSID":"S-1-5-21-3972710054-930304531-4277621697-513","HasSIDHistory":[],"SPNTargets":[],"Aces":[{"PrincipalSID":"S-1-5-21-3972710054-930304531-4277621697-512","PrincipalType":"Group","RightName":"Owns","IsInherited":false},{"PrincipalSID":"RELIA.COM-S-1-5-32-544","PrincipalType":"Group","RightName":"WriteDacl","IsInherited":false},{"PrincipalSID":"RELIA.COM-S-1-5-32-544","PrincipalType":"Group","RightName":"WriteOwner","IsInherited":false},{"PrincipalSID":"RELIA.COM-S-1-5-32-544","PrincipalType":"Group","RightName":"AllExtendedRights","IsInherited":false},{"PrincipalSID":"RELIA.COM-S-1-5-32-544","PrincipalType":"Group","RightName":"GenericWrite","IsInherited":false},{"PrincipalSID":"S-1-5-21-3972710054-930304531-4277621697-512","PrincipalType":"Group","RightName":"WriteDacl","IsInherited":false},{"PrincipalSID":"S-1-5-21-3972710054-930304531-4277621697-512","PrincipalType":"Group","RightName":"WriteOwner","IsInherited":false},{"PrincipalSID":"S-1-5-21-3972710054-930304531-4277621697-512","PrincipalType":"Group","RightName":"AllExtendedRights","IsInherited":false},{"PrincipalSID":"S-1-5-21-3972710054-930304531-4277621697-512","PrincipalType":"Group","RightName":"GenericWrite","IsInherited":false},{"PrincipalSID":"S-1-5-21-3972710054-930304531-4277621697-519","PrincipalType":"Group","RightName":"WriteDacl","IsInherited":false},{"PrincipalSID":"S-1-5-21-3972710054-930304531-4277621697-519","PrincipalType":"Group","RightName":"WriteOwner","IsInherited":false},{"PrincipalSID":"S-1-5-21-3972710054-930304531-4277621697-519","PrincipalType":"Group","RightName":"AllExtendedRights","IsInherited":false},{"PrincipalSID":"S-1-5-21-3972710054-930304531-4277621697-519","PrincipalType":"Group","RightName":"GenericWrite","IsInherited":false}],"ObjectIdentifier":"S-1-5-21-3972710054-930304531-4277621697-500","IsDeleted":false,"IsACLProtected":true},{"Properties":{"domain":"RELIA.COM","name":"MICHELLE@RELIA.COM","distinguishedname":"CN=MICHELLE SMITH,CN=USERS,DC=RELIA,DC=COM","domainsid":"S-1-5-21-3972710054-930304531-4277621697","highvalue":false,"samaccountname":"michelle","description":null,"whencreated":1665985509,"sensitive":false,"dontreqpreauth":true,"passwordnotreqd":false,"unconstraineddelegation":false,"pwdneverexpires":true,"enabled":true,"trustedtoauth":false,"lastlogon":1666878581,"lastlogontimestamp":1666861322,"pwdlastset":1666861651,"serviceprincipalnames":[],"hasspn":false,"displayname":"Michelle Smith","email":null,"title":null,"homedirectory":null,"userpassword":null,"unixpassword":null,"unicodepassword":null,"sfupassword":null,"logonscript":null,"admincount":false,"sidhistory":[]},"AllowedToDelegate":[],"PrimaryGroupSID":"S-1-5-21-3972710054-930304531-4277621697-513","HasSIDHistory":[],"SPNTargets":[],"Aces":[{"PrincipalSID":"S-1-5-21-3972710054-930304531-4277621697-512","PrincipalType":"Group","RightName":"Owns","IsInherited":false},{"PrincipalSID":"RELIA.COM-S-1-5-32-548","PrincipalType":"Group","RightName":"GenericAll","IsInherited":false},{"PrincipalSID":"S-1-5-21-3972710054-930304531-4277621697-512","PrincipalType":"Group","RightName":"GenericAll","IsInherited":false},{"PrincipalSID":"S-1-5-21-3972710054-930304531-4277621697-526","PrincipalType":"Group","RightName":"AddKeyCredentialLink","IsInherited":true},{"PrincipalSID":"S-1-5-21-3972710054-930304531-4277621697-527","PrincipalType":"Group","RightName":"AddKeyCredentialLink","IsInherited":true},{"PrincipalSID":"S-1-5-21-3972710054-930304531-4277621697-519","PrincipalType":"Group","RightName":"GenericAll","IsInherited":true},{"PrincipalSID":"RELIA.COM-S-1-5-32-544","PrincipalType":"Group","RightName":"WriteDacl","IsInherited":true},{"PrincipalSID":"RELIA.COM-S-1-5-32-544","PrincipalType":"Group","RightName":"WriteOwner","IsInherited":true},{"PrincipalSID":"RELIA.COM-S-1-5-32-544","PrincipalType":"Group","RightName":"AllExtendedRights","IsInherited":true},{"PrincipalSID":"RELIA.COM-S-1-5-32-544","PrincipalType":"Group","RightName":"GenericWrite","IsInherited":true}],"ObjectIdentifier":"S-1-5-21-3972710054-930304531-4277621697-1105","IsDeleted":false,"IsACLProtected":false},{"Properties":{"domain":"RELIA.COM","name":"ANDREA@RELIA.COM","distinguishedname":"CN=ANDREA ROSSI,CN=USERS,DC=RELIA,DC=COM","domainsid":"S-1-5-21-3972710054-930304531-4277621697","highvalue":false,"samaccountname":"andrea","description":null,"whencreated":1665985544,"sensitive":false,"dontreqpreauth":false,"passwordnotreqd":false,"unconstraineddelegation":false,"pwdneverexpires":true,"enabled":true,"trustedtoauth":false,"lastlogon":1677597197,"lastlogontimestamp":1677593561,"pwdlastset":1666865649,"serviceprincipalnames":[],"hasspn":false,"displayname":"Andrea Rossi","email":null,"title":null,"homedirectory":null,"userpassword":null,"unixpassword":null,"unicodepassword":null,"sfupassword":null,"logonscript":null,"admincount":false,"sidhistory":[]},"AllowedToDelegate":[],"PrimaryGroupSID":"S-1-5-21-3972710054-930304531-4277621697-513","HasSIDHistory":[],"SPNTargets":[],"Aces":[{"PrincipalSID":"S-1-5-21-3972710054-930304531-4277621697-512","PrincipalType":"Group","RightName":"Owns","IsInherited":false},{"PrincipalSID":"RELIA.COM-S-1-5-32-548","PrincipalType":"Group","RightName":"GenericAll","IsInherited":false},{"PrincipalSID":"S-1-5-21-3972710054-930304531-4277621697-512","PrincipalType":"Group","RightName":"GenericAll","IsInherited":false},{"PrincipalSID":"S-1-5-21-3972710054-930304531-4277621697-526","PrincipalType":"Group","RightName":"AddKeyCredentialLink","IsInherited":true},{"PrincipalSID":"S-1-5-21-3972710054-930304531-4277621697-527","PrincipalType":"Group","RightName":"AddKeyCredentialLink","IsInherited":true},{"PrincipalSID":"S-1-5-21-3972710054-930304531-4277621697-519","PrincipalType":"Group","RightName":"GenericAll","IsInherited":true},{"PrincipalSID":"RELIA.COM-S-1-5-32-544","PrincipalType":"Group","RightName":"WriteDacl","IsInherited":true},{"PrincipalSID":"RELIA.COM-S-1-5-32-544","PrincipalType":"Group","RightName":"WriteOwner","IsInherited":true},{"PrincipalSID":"RELIA.COM-S-1-5-32-544","PrincipalType":"Group","RightName":"AllExtendedRights","IsInherited":true},{"PrincipalSID":"RELIA.COM-S-1-5-32-544","PrincipalType":"Group","RightName":"GenericWrite","IsInherited":true}],"ObjectIdentifier":"S-1-5-21-3972710054-930304531-4277621697-1106","IsDeleted":false,"IsACLProtected":false},{"Properties":{"domain":"RELIA.COM","name":"MOUNTUSER@RELIA.COM","distinguishedname":"CN=MOUNTUSER,CN=USERS,DC=RELIA,DC=COM","domainsid":"S-1-5-21-3972710054-930304531-4277621697","highvalue":false,"samaccountname":"mountuser","description":null,"whencreated":1665985579,"sensitive":false,"dontreqpreauth":false,"passwordnotreqd":false,"unconstraineddelegation":false,"pwdneverexpires":true,"enabled":true,"trustedtoauth":false,"lastlogon":1666906403,"lastlogontimestamp":1666906403,"pwdlastset":1666010779,"serviceprincipalnames":[],"hasspn":false,"displayname":"mountuser","email":null,"title":null,"homedirectory":null,"userpassword":null,"unixpassword":null,"unicodepassword":null,"sfupassword":null,"logonscript":null,"admincount":false,"sidhistory":[]},"AllowedToDelegate":[],"PrimaryGroupSID":"S-1-5-21-3972710054-930304531-4277621697-513","HasSIDHistory":[],"SPNTargets":[],"Aces":[{"PrincipalSID":"S-1-5-21-3972710054-930304531-4277621697-512","PrincipalType":"Group","RightName":"Owns","IsInherited":false},{"PrincipalSID":"RELIA.COM-S-1-5-32-548","PrincipalType":"Group","RightName":"GenericAll","IsInherited":false},{"PrincipalSID":"S-1-5-21-3972710054-930304531-4277621697-512","PrincipalType":"Group","RightName":"GenericAll","IsInherited":false},{"PrincipalSID":"S-1-5-21-3972710054-930304531-4277621697-526","PrincipalType":"Group","RightName":"AddKeyCredentialLink","IsInherited":true},{"PrincipalSID":"S-1-5-21-3972710054-930304531-4277621697-527","PrincipalType":"Group","RightName":"AddKeyCredentialLink","IsInherited":true},{"PrincipalSID":"S-1-5-21-3972710054-930304531-4277621697-519","PrincipalType":"Group","RightName":"GenericAll","IsInherited":true},{"PrincipalSID":"RELIA.COM-S-1-5-32-544","PrincipalType":"Group","RightName":"WriteDacl","IsInherited":true},{"PrincipalSID":"RELIA.COM-S-1-5-32-544","PrincipalType":"Group","RightName":"WriteOwner","IsInherited":true},{"PrincipalSID":"RELIA.COM-S-1-5-32-544","PrincipalType":"Group","RightName":"AllExtendedRights","IsInherited":true},{"PrincipalSID":"RELIA.COM-S-1-5-32-544","PrincipalType":"Group","RightName":"GenericWrite","IsInherited":true}],"ObjectIdentifier":"S-1-5-21-3972710054-930304531-4277621697-1107","IsDeleted":false,"IsACLProtected":false}],"meta":{"methods":29695,"type":"users","count":16,"version":5}}