﻿{"data":[{"Properties":{"domain":"RELIA.COM","name":"WK01.RELIA.COM","distinguishedname":"CN=WK01,CN=COMPUTERS,DC=RELIA,DC=COM","domainsid":"S-1-5-21-3972710054-930304531-4277621697","highvalue":false,"samaccountname":"WK01$","haslaps":false,"description":null,"whencreated":1666069997,"enabled":true,"unconstraineddelegation":false,"trustedtoauth":false,"lastlogon":1699812705,"lastlogontimestamp":1699809602,"pwdlastset":1699809602,"serviceprincipalnames":["TERMSRV/WK01","TERMSRV/WK01.relia.com","RestrictedKrbHost/WK01","HOST/WK01","RestrictedKrbHost/WK01.relia.com","HOST/WK01.relia.com"],"operatingsystem":"Windows 11 Pro","sidhistory":[]},"PrimaryGroupSID":"S-1-5-21-3972710054-930304531-4277621697-515","AllowedToDelegate":[],"AllowedToAct":[],"HasSIDHistory":[],"DumpSMSAPassword":[],"Sessions":{"Results":[],"Collected":true,"FailureReason":null},"PrivilegedSessions":{"Results":[{"UserSID":"S-1-5-21-3972710054-930304531-4277621697-1104","ComputerSID":"S-1-5-21-3972710054-930304531-4277621697-1121"},{"UserSID":"S-1-5-21-3972710054-930304531-4277621697-1104","ComputerSID":"S-1-5-21-3972710054-930304531-4277621697-1121"}],"Collected":true,"FailureReason":null},"RegistrySessions":{"Results":[],"Collected":false,"FailureReason":"The network path was not found.\r\n"},"LocalAdmins":{"Results":[{"ObjectIdentifier":"S-1-5-21-3972710054-930304531-4277621697-512","ObjectType":"Group"}],"Collected":true,"FailureReason":null},"RemoteDesktopUsers":{"Results":[],"Collected":true,"FailureReason":null},"DcomUsers":{"Results":[],"Collected":true,"FailureReason":null},"PSRemoteUsers":{"Results":[],"Collected":true,"FailureReason":null},"Status":null,"Aces":[{"PrincipalSID":"S-1-5-21-3972710054-930304531-4277621697-512","PrincipalType":"Group","RightName":"Owns","IsInherited":false},{"PrincipalSID":"RELIA.COM-S-1-5-32-548","PrincipalType":"Group","RightName":"GenericAll","IsInherited":false},{"PrincipalSID":"S-1-5-21-3972710054-930304531-4277621697-512","PrincipalType":"Group","RightName":"GenericAll","IsInherited":false},{"PrincipalSID":"S-1-5-21-3972710054-930304531-4277621697-526","PrincipalType":"Group","RightName":"AddKeyCredentialLink","IsInherited":true},{"PrincipalSID":"S-1-5-21-3972710054-930304531-4277621697-527","PrincipalType":"Group","RightName":"AddKeyCredentialLink","IsInherited":true},{"PrincipalSID":"S-1-5-21-3972710054-930304531-4277621697-519","PrincipalType":"Group","RightName":"GenericAll","IsInherited":true},{"PrincipalSID":"RELIA.COM-S-1-5-32-544","PrincipalType":"Group","RightName":"WriteDacl","IsInherited":true},{"PrincipalSID":"RELIA.COM-S-1-5-32-544","PrincipalType":"Group","RightName":"WriteOwner","IsInherited":true},{"PrincipalSID":"RELIA.COM-S-1-5-32-544","PrincipalType":"Group","RightName":"GenericWrite","IsInherited":true}],"ObjectIdentifier":"S-1-5-21-3972710054-930304531-4277621697-1121","IsDeleted":false,"IsACLProtected":false},{"Properties":{"domain":"RELIA.COM","name":"MAIL.RELIA.COM","distinguishedname":"CN=MAIL,CN=COMPUTERS,DC=RELIA,DC=COM","domainsid":"S-1-5-21-3972710054-930304531-4277621697","highvalue":false,"samaccountname":"MAIL$","haslaps":false,"description":null,"whencreated":1666068224,"enabled":true,"unconstraineddelegation":false,"trustedtoauth":false,"lastlogon":1699812833,"lastlogontimestamp":1699809597,"pwdlastset":1699810495,"serviceprincipalnames":["WSMAN/MAIL","WSMAN/MAIL.relia.com","RestrictedKrbHost/MAIL","HOST/MAIL","RestrictedKrbHost/MAIL.relia.com","HOST/MAIL.relia.com"],"operatingsystem":"Windows Server 2022 Standard","sidhistory":[]},"PrimaryGroupSID":"S-1-5-21-3972710054-930304531-4277621697-515","AllowedToDelegate":[],"AllowedToAct":[],"HasSIDHistory":[],"DumpSMSAPassword":[],"Sessions":{"Results":[],"Collected":false,"FailureReason":"ERROR_ACCESS_DENIED"},"PrivilegedSessions":{"Results":[],"Collected":false,"FailureReason":"ERROR_ACCESS_DENIED"},"RegistrySessions":{"Results":[],"Collected":true,"FailureReason":null},"LocalAdmins":{"Results":[],"Collected":false,"FailureReason":"SAMRPCServerInit Failed"},"RemoteDesktopUsers":{"Results":[],"Collected":false,"FailureReason":"SAMRPCServerInit Failed"},"DcomUsers":{"Results":[],"Collected":false,"FailureReason":"SAMRPCServerInit Failed"},"PSRemoteUsers":{"Results":[],"Collected":false,"FailureReason":"SAMRPCServerInit Failed"},"Status":null,"Aces":[{"PrincipalSID":"S-1-5-21-3972710054-930304531-4277621697-512","PrincipalType":"Group","RightName":"Owns","IsInherited":false},{"PrincipalSID":"RELIA.COM-S-1-5-32-548","PrincipalType":"Group","RightName":"GenericAll","IsInherited":false},{"PrincipalSID":"S-1-5-21-3972710054-930304531-4277621697-512","PrincipalType":"Group","RightName":"GenericAll","IsInherited":false},{"PrincipalSID":"S-1-5-21-3972710054-930304531-4277621697-526","PrincipalType":"Group","RightName":"AddKeyCredentialLink","IsInherited":true},{"PrincipalSID":"S-1-5-21-3972710054-930304531-4277621697-527","PrincipalType":"Group","RightName":"AddKeyCredentialLink","IsInherited":true},{"PrincipalSID":"S-1-5-21-3972710054-930304531-4277621697-519","PrincipalType":"Group","RightName":"GenericAll","IsInherited":true},{"PrincipalSID":"RELIA.COM-S-1-5-32-544","PrincipalType":"Group","RightName":"WriteDacl","IsInherited":true},{"PrincipalSID":"RELIA.COM-S-1-5-32-544","PrincipalType":"Group","RightName":"WriteOwner","IsInherited":true},{"PrincipalSID":"RELIA.COM-S-1-5-32-544","PrincipalType":"Group","RightName":"GenericWrite","IsInherited":true}],"ObjectIdentifier":"S-1-5-21-3972710054-930304531-4277621697-1119","IsDeleted":false,"IsACLProtected":false},{"Properties":{"domain":"RELIA.COM","name":"DC02.RELIA.COM","distinguishedname":"CN=DC02,OU=DOMAIN CONTROLLERS,DC=RELIA,DC=COM","domainsid":"S-1-5-21-3972710054-930304531-4277621697","highvalue":false,"samaccountname":"DC02$","haslaps":false,"description":null,"whencreated":1665984271,"enabled":true,"unconstraineddelegation":true,"trustedtoauth":false,"lastlogon":1699809581,"lastlogontimestamp":1699809574,"pwdlastset":1699809574,"serviceprincipalnames":["Dfsr-12F9A27C-BF97-4787-9364-D31B6C55EB04/DC02.relia.com","TERMSRV/DC02","TERMSRV/DC02.relia.com","ldap/DC02.relia.com/ForestDnsZones.relia.com","ldap/DC02.relia.com/DomainDnsZones.relia.com","DNS/DC02.relia.com","GC/DC02.relia.com/relia.com","RestrictedKrbHost/DC02.relia.com","RestrictedKrbHost/DC02","RPC/76081dde-4e11-4a20-8210-d1133d7dc6f7._msdcs.relia.com","HOST/DC02/RELIA","HOST/DC02.relia.com/RELIA","HOST/DC02","HOST/DC02.relia.com","HOST/DC02.relia.com/relia.com","E3514235-4B06-11D1-AB04-00C04FC2DCD2/76081dde-4e11-4a20-8210-d1133d7dc6f7/relia.com","ldap/DC02/RELIA","ldap/76081dde-4e11-4a20-8210-d1133d7dc6f7._msdcs.relia.com","ldap/DC02.relia.com/RELIA","ldap/DC02","ldap/DC02.relia.com","ldap/DC02.relia.com/relia.com"],"operatingsystem":"Windows Server 2022 Standard","sidhistory":[]},"PrimaryGroupSID":"S-1-5-21-3972710054-930304531-4277621697-516","AllowedToDelegate":[],"AllowedToAct":[],"HasSIDHistory":[],"DumpSMSAPassword":[],"Sessions":{"Results":[],"Collected":false,"FailureReason":"ERROR_ACCESS_DENIED"},"PrivilegedSessions":{"Results":[],"Collected":false,"FailureReason":"ERROR_ACCESS_DENIED"},"RegistrySessions":{"Results":[],"Collected":true,"FailureReason":null},"LocalAdmins":{"Results":[{"ObjectIdentifier":"S-1-5-21-3972710054-930304531-4277621697-500","ObjectType":"User"},{"ObjectIdentifier":"S-1-5-21-3972710054-930304531-4277621697-519","ObjectType":"Group"},{"ObjectIdentifier":"S-1-5-21-3972710054-930304531-4277621697-512","ObjectType":"Group"}],"Collected":true,"FailureReason":null},"RemoteDesktopUsers":{"Results":[],"Collected":true,"FailureReason":null},"DcomUsers":{"Results":[],"Collected":true,"FailureReason":null},"PSRemoteUsers":{"Results":[],"Collected":true,"FailureReason":null},"Status":null,"Aces":[{"PrincipalSID":"S-1-5-21-3972710054-930304531-4277621697-512","PrincipalType":"Group","RightName":"Owns","IsInherited":false},{"PrincipalSID":"S-1-5-21-3972710054-930304531-4277621697-512","PrincipalType":"Group","RightName":"GenericAll","IsInherited":false},{"PrincipalSID":"S-1-5-21-3972710054-930304531-4277621697-526","PrincipalType":"Group","RightName":"AddKeyCredentialLink","IsInherited":true},{"PrincipalSID":"S-1-5-21-3972710054-930304531-4277621697-527","PrincipalType":"Group","RightName":"AddKeyCredentialLink","IsInherited":true},{"PrincipalSID":"S-1-5-21-3972710054-930304531-4277621697-519","PrincipalType":"Group","RightName":"GenericAll","IsInherited":true},{"PrincipalSID":"RELIA.COM-S-1-5-32-544","PrincipalType":"Group","RightName":"WriteDacl","IsInherited":true},{"PrincipalSID":"RELIA.COM-S-1-5-32-544","PrincipalType":"Group","RightName":"WriteOwner","IsInherited":true},{"PrincipalSID":"RELIA.COM-S-1-5-32-544","PrincipalType":"Group","RightName":"GenericWrite","IsInherited":true}],"ObjectIdentifier":"S-1-5-21-3972710054-930304531-4277621697-1000","IsDeleted":false,"IsACLProtected":false},{"Properties":{"domain":"RELIA.COM","name":"WEBBY.RELIA.COM","distinguishedname":"CN=WEBBY,CN=COMPUTERS,DC=RELIA,DC=COM","domainsid":"S-1-5-21-3972710054-930304531-4277621697","highvalue":false,"samaccountname":"WEBBY$","haslaps":false,"description":null,"whencreated":1666246142,"enabled":true,"unconstraineddelegation":false,"trustedtoauth":false,"lastlogon":1699812832,"lastlogontimestamp":1699809594,"pwdlastset":1699809594,"serviceprincipalnames":["TERMSRV/WEBBY","TERMSRV/WEBBY.relia.com","WSMAN/WEBBY","WSMAN/WEBBY.relia.com","RestrictedKrbHost/WEBBY","HOST/WEBBY","RestrictedKrbHost/WEBBY.relia.com","HOST/WEBBY.relia.com"],"operatingsystem":"Windows Server 2022 Standard","sidhistory":[]},"PrimaryGroupSID":"S-1-5-21-3972710054-930304531-4277621697-515","AllowedToDelegate":[],"AllowedToAct":[],"HasSIDHistory":[],"DumpSMSAPassword":[],"Sessions":{"Results":[],"Collected":false,"FailureReason":"ERROR_ACCESS_DENIED"},"PrivilegedSessions":{"Results":[],"Collected":false,"FailureReason":"ERROR_ACCESS_DENIED"},"RegistrySessions":{"Results":[],"Collected":true,"FailureReason":null},"LocalAdmins":{"Results":[],"Collected":false,"FailureReason":"SAMRPCServerInit Failed"},"RemoteDesktopUsers":{"Results":[],"Collected":false,"FailureReason":"SAMRPCServerInit Failed"},"DcomUsers":{"Results":[],"Collected":false,"FailureReason":"SAMRPCServerInit Failed"},"PSRemoteUsers":{"Results":[],"Collected":false,"FailureReason":"SAMRPCServerInit Failed"},"Status":null,"Aces":[{"PrincipalSID":"S-1-5-21-3972710054-930304531-4277621697-512","PrincipalType":"Group","RightName":"Owns","IsInherited":false},{"PrincipalSID":"RELIA.COM-S-1-5-32-548","PrincipalType":"Group","RightName":"GenericAll","IsInherited":false},{"PrincipalSID":"S-1-5-21-3972710054-930304531-4277621697-512","PrincipalType":"Group","RightName":"GenericAll","IsInherited":false},{"PrincipalSID":"S-1-5-21-3972710054-930304531-4277621697-526","PrincipalType":"Group","RightName":"AddKeyCredentialLink","IsInherited":true},{"PrincipalSID":"S-1-5-21-3972710054-930304531-4277621697-527","PrincipalType":"Group","RightName":"AddKeyCredentialLink","IsInherited":true},{"PrincipalSID":"S-1-5-21-3972710054-930304531-4277621697-519","PrincipalType":"Group","RightName":"GenericAll","IsInherited":true},{"PrincipalSID":"RELIA.COM-S-1-5-32-544","PrincipalType":"Group","RightName":"WriteDacl","IsInherited":true},{"PrincipalSID":"RELIA.COM-S-1-5-32-544","PrincipalType":"Group","RightName":"WriteOwner","IsInherited":true},{"PrincipalSID":"RELIA.COM-S-1-5-32-544","PrincipalType":"Group","RightName":"GenericWrite","IsInherited":true}],"ObjectIdentifier":"S-1-5-21-3972710054-930304531-4277621697-1127","IsDeleted":false,"IsACLProtected":false},{"Properties":{"domain":"RELIA.COM","name":"FILES.RELIA.COM","distinguishedname":"CN=FILES,CN=COMPUTERS,DC=RELIA,DC=COM","domainsid":"S-1-5-21-3972710054-930304531-4277621697","highvalue":false,"samaccountname":"FILES$","haslaps":false,"description":null,"whencreated":1666227731,"enabled":true,"unconstraineddelegation":false,"trustedtoauth":false,"lastlogon":1699812961,"lastlogontimestamp":1699809595,"pwdlastset":1699810495,"serviceprincipalnames":["WSMAN/FILES","WSMAN/FILES.relia.com","RestrictedKrbHost/FILES.relia.com","HOST/FILES.relia.com","RestrictedKrbHost/FILES","HOST/FILES"],"operatingsystem":"Windows Server 2022 Standard","sidhistory":[]},"PrimaryGroupSID":"S-1-5-21-3972710054-930304531-4277621697-515","AllowedToDelegate":[],"AllowedToAct":[],"HasSIDHistory":[],"DumpSMSAPassword":[],"Sessions":{"Results":[],"Collected":false,"FailureReason":"ERROR_ACCESS_DENIED"},"PrivilegedSessions":{"Results":[],"Collected":false,"FailureReason":"ERROR_ACCESS_DENIED"},"RegistrySessions":{"Results":[],"Collected":true,"FailureReason":null},"LocalAdmins":{"Results":[],"Collected":false,"FailureReason":"SAMRPCServerInit Failed"},"RemoteDesktopUsers":{"Results":[],"Collected":false,"FailureReason":"SAMRPCServerInit Failed"},"DcomUsers":{"Results":[],"Collected":false,"FailureReason":"SAMRPCServerInit Failed"},"PSRemoteUsers":{"Results":[],"Collected":false,"FailureReason":"SAMRPCServerInit Failed"},"Status":null,"Aces":[{"PrincipalSID":"S-1-5-21-3972710054-930304531-4277621697-512","PrincipalType":"Group","RightName":"Owns","IsInherited":false},{"PrincipalSID":"RELIA.COM-S-1-5-32-548","PrincipalType":"Group","RightName":"GenericAll","IsInherited":false},{"PrincipalSID":"S-1-5-21-3972710054-930304531-4277621697-512","PrincipalType":"Group","RightName":"GenericAll","IsInherited":false},{"PrincipalSID":"S-1-5-21-3972710054-930304531-4277621697-526","PrincipalType":"Group","RightName":"AddKeyCredentialLink","IsInherited":true},{"PrincipalSID":"S-1-5-21-3972710054-930304531-4277621697-527","PrincipalType":"Group","RightName":"AddKeyCredentialLink","IsInherited":true},{"PrincipalSID":"S-1-5-21-3972710054-930304531-4277621697-519","PrincipalType":"Group","RightName":"GenericAll","IsInherited":true},{"PrincipalSID":"RELIA.COM-S-1-5-32-544","PrincipalType":"Group","RightName":"WriteDacl","IsInherited":true},{"PrincipalSID":"RELIA.COM-S-1-5-32-544","PrincipalType":"Group","RightName":"WriteOwner","IsInherited":true},{"PrincipalSID":"RELIA.COM-S-1-5-32-544","PrincipalType":"Group","RightName":"GenericWrite","IsInherited":true}],"ObjectIdentifier":"S-1-5-21-3972710054-930304531-4277621697-1126","IsDeleted":false,"IsACLProtected":false},{"Properties":{"domain":"RELIA.COM","name":"INTRANET.RELIA.COM","distinguishedname":"CN=INTRANET,CN=COMPUTERS,DC=RELIA,DC=COM","domainsid":"S-1-5-21-3972710054-930304531-4277621697","highvalue":false,"samaccountname":"INTRANET$","haslaps":false,"description":null,"whencreated":1666074987,"enabled":true,"unconstraineddelegation":false,"trustedtoauth":false,"lastlogon":1699812576,"lastlogontimestamp":1699809594,"pwdlastset":1699810493,"serviceprincipalnames":["TERMSRV/INTRANET","TERMSRV/INTRANET.relia.com","WSMAN/INTRANET.relia.com","RestrictedKrbHost/INTRANET.relia.com","HOST/INTRANET.relia.com","WSMAN/INTRANET","RestrictedKrbHost/INTRANET","HOST/INTRANET"],"operatingsystem":"Windows Server 2022 Standard","sidhistory":[]},"PrimaryGroupSID":"S-1-5-21-3972710054-930304531-4277621697-515","AllowedToDelegate":[],"AllowedToAct":[],"HasSIDHistory":[],"DumpSMSAPassword":[],"Sessions":{"Results":[],"Collected":false,"FailureReason":"ERROR_ACCESS_DENIED"},"PrivilegedSessions":{"Results":[],"Collected":false,"FailureReason":"ERROR_ACCESS_DENIED"},"RegistrySessions":{"Results":[{"UserSID":"S-1-5-21-3433065905-3822390408-221899313-500","ComputerSID":"S-1-5-21-3972710054-930304531-4277621697-1125"},{"UserSID":"S-1-5-21-3972710054-930304531-4277621697-1106","ComputerSID":"S-1-5-21-3972710054-930304531-4277621697-1125"}],"Collected":true,"FailureReason":null},"LocalAdmins":{"Results":[],"Collected":false,"FailureReason":"SAMRPCServerInit Failed"},"RemoteDesktopUsers":{"Results":[],"Collected":false,"FailureReason":"SAMRPCServerInit Failed"},"DcomUsers":{"Results":[],"Collected":false,"FailureReason":"SAMRPCServerInit Failed"},"PSRemoteUsers":{"Results":[],"Collected":false,"FailureReason":"SAMRPCServerInit Failed"},"Status":null,"Aces":[{"PrincipalSID":"S-1-5-21-3972710054-930304531-4277621697-512","PrincipalType":"Group","RightName":"Owns","IsInherited":false},{"PrincipalSID":"RELIA.COM-S-1-5-32-548","PrincipalType":"Group","RightName":"GenericAll","IsInherited":false},{"PrincipalSID":"S-1-5-21-3972710054-930304531-4277621697-512","PrincipalType":"Group","RightName":"GenericAll","IsInherited":false},{"PrincipalSID":"S-1-5-21-3972710054-930304531-4277621697-526","PrincipalType":"Group","RightName":"AddKeyCredentialLink","IsInherited":true},{"PrincipalSID":"S-1-5-21-3972710054-930304531-4277621697-527","PrincipalType":"Group","RightName":"AddKeyCredentialLink","IsInherited":true},{"PrincipalSID":"S-1-5-21-3972710054-930304531-4277621697-519","PrincipalType":"Group","RightName":"GenericAll","IsInherited":true},{"PrincipalSID":"RELIA.COM-S-1-5-32-544","PrincipalType":"Group","RightName":"WriteDacl","IsInherited":true},{"PrincipalSID":"RELIA.COM-S-1-5-32-544","PrincipalType":"Group","RightName":"WriteOwner","IsInherited":true},{"PrincipalSID":"RELIA.COM-S-1-5-32-544","PrincipalType":"Group","RightName":"GenericWrite","IsInherited":true}],"ObjectIdentifier":"S-1-5-21-3972710054-930304531-4277621697-1125","IsDeleted":false,"IsACLProtected":false},{"Properties":{"domain":"RELIA.COM","name":"WK02.RELIA.COM","distinguishedname":"CN=WK02,CN=COMPUTERS,DC=RELIA,DC=COM","domainsid":"S-1-5-21-3972710054-930304531-4277621697","highvalue":false,"samaccountname":"WK02$","haslaps":false,"description":null,"whencreated":1666070152,"enabled":true,"unconstraineddelegation":false,"trustedtoauth":false,"lastlogon":1699812704,"lastlogontimestamp":1699809601,"pwdlastset":1699809601,"serviceprincipalnames":["TERMSRV/WK02","TERMSRV/WK02.relia.com","RestrictedKrbHost/WK02","HOST/WK02","RestrictedKrbHost/WK02.relia.com","HOST/WK02.relia.com"],"operatingsystem":"Windows 11 Pro","sidhistory":[]},"PrimaryGroupSID":"S-1-5-21-3972710054-930304531-4277621697-515","AllowedToDelegate":[],"AllowedToAct":[],"HasSIDHistory":[],"DumpSMSAPassword":[],"Sessions":{"Results":[],"Collected":false,"FailureReason":"ERROR_ACCESS_DENIED"},"PrivilegedSessions":{"Results":[],"Collected":false,"FailureReason":"ERROR_ACCESS_DENIED"},"RegistrySessions":{"Results":[],"Collected":false,"FailureReason":"The network path was not found.\r\n"},"LocalAdmins":{"Results":[],"Collected":false,"FailureReason":"SAMRPCServerInit Failed"},"RemoteDesktopUsers":{"Results":[],"Collected":false,"FailureReason":"SAMRPCServerInit Failed"},"DcomUsers":{"Results":[],"Collected":false,"FailureReason":"SAMRPCServerInit Failed"},"PSRemoteUsers":{"Results":[],"Collected":false,"FailureReason":"SAMRPCServerInit Failed"},"Status":null,"Aces":[{"PrincipalSID":"S-1-5-21-3972710054-930304531-4277621697-512","PrincipalType":"Group","RightName":"Owns","IsInherited":false},{"PrincipalSID":"RELIA.COM-S-1-5-32-548","PrincipalType":"Group","RightName":"GenericAll","IsInherited":false},{"PrincipalSID":"S-1-5-21-3972710054-930304531-4277621697-512","PrincipalType":"Group","RightName":"GenericAll","IsInherited":false},{"PrincipalSID":"S-1-5-21-3972710054-930304531-4277621697-526","PrincipalType":"Group","RightName":"AddKeyCredentialLink","IsInherited":true},{"PrincipalSID":"S-1-5-21-3972710054-930304531-4277621697-527","PrincipalType":"Group","RightName":"AddKeyCredentialLink","IsInherited":true},{"PrincipalSID":"S-1-5-21-3972710054-930304531-4277621697-519","PrincipalType":"Group","RightName":"GenericAll","IsInherited":true},{"PrincipalSID":"RELIA.COM-S-1-5-32-544","PrincipalType":"Group","RightName":"WriteDacl","IsInherited":true},{"PrincipalSID":"RELIA.COM-S-1-5-32-544","PrincipalType":"Group","RightName":"WriteOwner","IsInherited":true},{"PrincipalSID":"RELIA.COM-S-1-5-32-544","PrincipalType":"Group","RightName":"GenericWrite","IsInherited":true}],"ObjectIdentifier":"S-1-5-21-3972710054-930304531-4277621697-1122","IsDeleted":false,"IsACLProtected":false},{"Properties":{"domain":"RELIA.COM","name":"LOGIN.RELIA.COM","distinguishedname":"CN=LOGIN,CN=COMPUTERS,DC=RELIA,DC=COM","domainsid":"S-1-5-21-3972710054-930304531-4277621697","highvalue":false,"samaccountname":"LOGIN$","haslaps":false,"description":null,"whencreated":1666068247,"enabled":true,"unconstraineddelegation":false,"trustedtoauth":false,"lastlogon":1699812832,"lastlogontimestamp":1699809610,"pwdlastset":1699810496,"serviceprincipalnames":["WSMAN/login","WSMAN/login.relia.com","TERMSRV/LOGIN","TERMSRV/login.relia.com","RestrictedKrbHost/LOGIN","HOST/LOGIN","RestrictedKrbHost/login.relia.com","HOST/login.relia.com"],"operatingsystem":"Windows Server 2022 Standard","sidhistory":[]},"PrimaryGroupSID":"S-1-5-21-3972710054-930304531-4277621697-515","AllowedToDelegate":[],"AllowedToAct":[],"HasSIDHistory":[],"DumpSMSAPassword":[],"Sessions":{"Results":[],"Collected":false,"FailureReason":"ERROR_ACCESS_DENIED"},"PrivilegedSessions":{"Results":[],"Collected":false,"FailureReason":"ERROR_ACCESS_DENIED"},"RegistrySessions":{"Results":[{"UserSID":"S-1-5-21-806534942-2466310119-3060745499-1000","ComputerSID":"S-1-5-21-3972710054-930304531-4277621697-1120"}],"Collected":true,"FailureReason":null},"LocalAdmins":{"Results":[],"Collected":false,"FailureReason":"SAMRPCServerInit Failed"},"RemoteDesktopUsers":{"Results":[],"Collected":false,"FailureReason":"SAMRPCServerInit Failed"},"DcomUsers":{"Results":[],"Collected":false,"FailureReason":"SAMRPCServerInit Failed"},"PSRemoteUsers":{"Results":[],"Collected":false,"FailureReason":"SAMRPCServerInit Failed"},"Status":null,"Aces":[{"PrincipalSID":"S-1-5-21-3972710054-930304531-4277621697-512","PrincipalType":"Group","RightName":"Owns","IsInherited":false},{"PrincipalSID":"RELIA.COM-S-1-5-32-548","PrincipalType":"Group","RightName":"GenericAll","IsInherited":false},{"PrincipalSID":"S-1-5-21-3972710054-930304531-4277621697-512","PrincipalType":"Group","RightName":"GenericAll","IsInherited":false},{"PrincipalSID":"S-1-5-21-3972710054-930304531-4277621697-526","PrincipalType":"Group","RightName":"AddKeyCredentialLink","IsInherited":true},{"PrincipalSID":"S-1-5-21-3972710054-930304531-4277621697-527","PrincipalType":"Group","RightName":"AddKeyCredentialLink","IsInherited":true},{"PrincipalSID":"S-1-5-21-3972710054-930304531-4277621697-519","PrincipalType":"Group","RightName":"GenericAll","IsInherited":true},{"PrincipalSID":"RELIA.COM-S-1-5-32-544","PrincipalType":"Group","RightName":"WriteDacl","IsInherited":true},{"PrincipalSID":"RELIA.COM-S-1-5-32-544","PrincipalType":"Group","RightName":"WriteOwner","IsInherited":true},{"PrincipalSID":"RELIA.COM-S-1-5-32-544","PrincipalType":"Group","RightName":"GenericWrite","IsInherited":true}],"ObjectIdentifier":"S-1-5-21-3972710054-930304531-4277621697-1120","IsDeleted":false,"IsACLProtected":false}],"meta":{"methods":29695,"type":"computers","count":8,"version":5}}