﻿{"data":[{"Properties":{"domain":"RELIA.COM","name":"DEFAULT DOMAIN POLICY@RELIA.COM","distinguishedname":"CN={31B2F340-016D-11D2-945F-00C04FB984F9},CN=POLICIES,CN=SYSTEM,DC=RELIA,DC=COM","domainsid":"S-1-5-21-3972710054-930304531-4277621697","highvalue":false,"description":null,"whencreated":1665984137,"gpcpath":"\\\\RELIA.COM\\SYSVOL\\RELIA.COM\\POLICIES\\{31B2F340-016D-11D2-945F-00C04FB984F9}"},"Aces":[{"PrincipalSID":"S-1-5-21-3972710054-930304531-4277621697-512","PrincipalType":"Group","RightName":"Owns","IsInherited":false},{"PrincipalSID":"S-1-5-21-3972710054-930304531-4277621697-512","PrincipalType":"Group","RightName":"WriteDacl","IsInherited":false},{"PrincipalSID":"S-1-5-21-3972710054-930304531-4277621697-512","PrincipalType":"Group","RightName":"WriteOwner","IsInherited":false},{"PrincipalSID":"S-1-5-21-3972710054-930304531-4277621697-512","PrincipalType":"Group","RightName":"GenericWrite","IsInherited":false},{"PrincipalSID":"S-1-5-21-3972710054-930304531-4277621697-512","PrincipalType":"Group","RightName":"WriteDacl","IsInherited":false},{"PrincipalSID":"S-1-5-21-3972710054-930304531-4277621697-512","PrincipalType":"Group","RightName":"WriteOwner","IsInherited":false},{"PrincipalSID":"S-1-5-21-3972710054-930304531-4277621697-512","PrincipalType":"Group","RightName":"GenericWrite","IsInherited":false},{"PrincipalSID":"S-1-5-21-3972710054-930304531-4277621697-519","PrincipalType":"Group","RightName":"WriteDacl","IsInherited":false},{"PrincipalSID":"S-1-5-21-3972710054-930304531-4277621697-519","PrincipalType":"Group","RightName":"WriteOwner","IsInherited":false},{"PrincipalSID":"S-1-5-21-3972710054-930304531-4277621697-519","PrincipalType":"Group","RightName":"GenericWrite","IsInherited":false}],"ObjectIdentifier":"A58206A4-DA15-46CF-9E6C-D925EAB51E28","IsDeleted":false,"IsACLProtected":true},{"Properties":{"domain":"RELIA.COM","name":"DEFAULT DOMAIN CONTROLLERS POLICY@RELIA.COM","distinguishedname":"CN={6AC1786C-016F-11D2-945F-00C04FB984F9},CN=POLICIES,CN=SYSTEM,DC=RELIA,DC=COM","domainsid":"S-1-5-21-3972710054-930304531-4277621697","highvalue":false,"description":null,"whencreated":1665984137,"gpcpath":"\\\\RELIA.COM\\SYSVOL\\RELIA.COM\\POLICIES\\{6AC1786C-016F-11D2-945F-00C04FB984F9}"},"Aces":[{"PrincipalSID":"S-1-5-21-3972710054-930304531-4277621697-512","PrincipalType":"Group","RightName":"Owns","IsInherited":false},{"PrincipalSID":"S-1-5-21-3972710054-930304531-4277621697-512","PrincipalType":"Group","RightName":"WriteDacl","IsInherited":false},{"PrincipalSID":"S-1-5-21-3972710054-930304531-4277621697-512","PrincipalType":"Group","RightName":"WriteOwner","IsInherited":false},{"PrincipalSID":"S-1-5-21-3972710054-930304531-4277621697-512","PrincipalType":"Group","RightName":"GenericWrite","IsInherited":false},{"PrincipalSID":"S-1-5-21-3972710054-930304531-4277621697-512","PrincipalType":"Group","RightName":"WriteDacl","IsInherited":false},{"PrincipalSID":"S-1-5-21-3972710054-930304531-4277621697-512","PrincipalType":"Group","RightName":"WriteOwner","IsInherited":false},{"PrincipalSID":"S-1-5-21-3972710054-930304531-4277621697-512","PrincipalType":"Group","RightName":"GenericWrite","IsInherited":false},{"PrincipalSID":"S-1-5-21-3972710054-930304531-4277621697-519","PrincipalType":"Group","RightName":"WriteDacl","IsInherited":false},{"PrincipalSID":"S-1-5-21-3972710054-930304531-4277621697-519","PrincipalType":"Group","RightName":"WriteOwner","IsInherited":false},{"PrincipalSID":"S-1-5-21-3972710054-930304531-4277621697-519","PrincipalType":"Group","RightName":"GenericWrite","IsInherited":false}],"ObjectIdentifier":"09F9F675-4288-4414-B9C3-A483AD75BF1C","IsDeleted":false,"IsACLProtected":true}],"meta":{"methods":29695,"type":"gpos","count":2,"version":5}}